<?xml version="1.0" encoding="UTF-8"?>
<project-private xmlns="http://www.netbeans.org/ns/project-private/1">
    <editor-bookmarks xmlns="http://www.netbeans.org/ns/editor-bookmarks/1"/>
    <editor-bookmarks xmlns="http://www.netbeans.org/ns/editor-bookmarks/2" lastBookmarkId="0"/>
    <open-files xmlns="http://www.netbeans.org/ns/projectui-open-files/2">
        <group>
            <file>file:/C:/Users/Faculty-1/Desktop/R-51/Module-5/ELExample/web/complexbean.jsp</file>
            <file>file:/C:/Users/Faculty-1/Desktop/R-51/Module-5/ELExample/web/arithmetic.jsp</file>
            <file>file:/C:/Users/Faculty-1/Desktop/R-51/Module-5/ELExample/src/java/com/apress/projsp/Person.java</file>
            <file>file:/C:/Users/Faculty-1/Desktop/R-51/Module-5/ELExample/src/java/com/apress/projsp/Address.java</file>
        </group>
    </open-files>
</project-private>
